{"cameraMode":{"drawMode":0,"name":"Shaded","section":"Shading Mode"},"sceneLighting":true,"audioPlay":false,"sceneViewState":{"showFog":true,"showMaterialUpdate":false,"showSkybox":true,"showFlares":true,"showImageEffects":true,"showParticleSystems":true},"in2DMode":false,"pivot":{"x":4.46202278137207,"y":-0.6663970947265625,"z":0.7470970153808594},"rotation":{"x":-0.22358623147010804,"y":0.3388351798057556,"z":-0.08324214071035385,"w":-0.9100937843322754},"size":53.510318756103519,"orthographic":false}